loss,acc,epoch,step
1.159545660018921,0.7421875,0,49
0.7292293906211853,0.875,0,99
0.6565732955932617,0.859375,0,149
0.6096543073654175,0.8359375,0,199
