epoch,step,val_acc,val_loss
0,214,0.8956000208854675,0.3737758994102478
