loss,acc,epoch,step
0.5030873417854309,0.8670666813850403,0,468
0.2300301492214203,0.9339666962623596,1,937
0.17783737182617188,0.9488999843597412,2,1406
